{"Camera_0": {"type": "camera", "position": [3.0, 3.0, 3.0], "look_at": [0.0, 0.0, 0.0], "up": [0.0, 0.0, 1.0], "focal_length": 28.0, "animation": false}, "Box_1": {"type": "cuboid", "position": [0.0, 0.0, 1.0], "size": [1.0, 1.0, 2.0], "orientation": [0.0, 0.0, 0.0, 1.0], "color": [255, 0, 0], "alpha": 1.0, "edge_width": 0.01, "visible": true}, "Box_2": {"type": "cuboid", "position": [-1.0, 1.0, 0.0], "size": [1.0, 2.0, 1.0], "orientation": [0.49999999999999994, 0.0, 0.0, 0.8660254037844387], "color": [30, 255, 50], "alpha": 1.0, "edge_width": 0.01, "visible": true}, "Box_3": {"type": "cuboid", "position": [1.0, 0.0, 0.0], "size": [2.0, 1.0, 0.1], "orientation": [0.25881904510252074, 0.0, 0.0, 0.9659258262890683], "color": [0, 0, 255], "alpha": 0.5, "edge_width": 0.01, "visible": true}, "Box;_0": {"type": "cuboid", "position": [1.0, 1.0, 0.0], "size": [1.0, 2.0, 0.5], "orientation": [0.0, 0.0, 0.0, 1.0], "color": [255, 255, 0], "alpha": 0.1, "edge_width": 0.02, "visible": true}, "Box;_1": {"type": "cuboid", "position": [1.0, 1.0, 0.0], "size": [1.0, 2.0, 0.5], "orientation": [0.0, 0.0, 0.3826834323650898, 0.9238795325112867], "color": [255, 255, 0], "alpha": 0.1, "edge_width": 0.02, "visible": true}, "Box;_2": {"type": "cuboid", "position": [1.0, 1.0, 0.0], "size": [1.0, 2.0, 0.5], "orientation": [0.0, 0.0, 0.7071067811865475, 0.7071067811865476], "color": [255, 255, 0], "alpha": 0.1, "edge_width": 0.02, "visible": true}, "Box;_3": {"type": "cuboid", "position": [1.0, 1.0, 0.0], "size": [1.0, 2.0, 0.5], "orientation": [0.0, 0.0, 0.9238795325112867, 0.38268343236508984], "color": [255, 255, 0], "alpha": 0.1, "edge_width": 0.02, "visible": true}}